SuburbName,PostalCode,Latitude,Longitude,DistCityCenter,Schools
Bellfield,3081,-37.7531065,145.0384784,9.753178429624151,18
Briar Hill,3088,-37.706370299999996,145.1216479,18.360735914405307,15
Bundoora,3083,-37.69730565,145.066254356098,16.358531017626515,10
Eaglemont,3084,-37.7651442,145.06333130000002,10.10037456113577,18
Eltham,3095,-37.71787,145.156690129179,19.762347791931614,7
Eltham North,3095,-37.697892100000004,145.14178069999997,20.26628183030649,11
Greensborough,3088,-37.6988474,145.1074004,18.185738640643013,12
Heidelberg,3084,-37.75247879999999,145.0701284,11.519306508350981,16
Heidelberg Heights,3081,-37.7451831,145.0529194,11.188990273201682,15
Heidelberg West,3081,-37.738243100000005,145.04339219999997,11.396561480186662,16
Ivanhoe,3079,-34.259202,118.8425669,2375.8932765539707,0
Ivanhoe East,3079,-37.7733903,145.0617815,9.388215653509883,15
Lower Plenty,3093,-37.738843700000004,145.116224,15.526245918583925,13
Macleod,3085,-23.72083,113.6817,3354.7825010915953,0
Montmorency,3094,-37.7189715,145.12562309999998,17.60981251543367,10
Rosanna,3084,-37.739634499999994,145.0696349,12.56662318924597,13
St Helena,3088,-37.689513500000004,145.1295774,20.225891128343143,9
Viewbank,3084,-37.73991029999999,145.0932329,13.941512460520075,12
Watsonia,3087,-37.7097848,145.0832709,15.945836653672457,14
Watsonia North,3087,-37.696046,145.084977,17.303356561579818,13
Yallambie,3085,-37.7251655,145.09352180000002,15.151179197713597,12
Beaumaris,3193,-37.982212200000006,145.03890980000003,17.965351304203118,10
Black Rock,3193,-32.74183,138.8079,795.8503433957459,0
Brighton,3186,-37.90560815,145.00275061303302,8.910919660769395,22
Brighton East,3187,-37.917172799999996,145.01636630000002,10.470269260508893,21
Cheltenham,3192,-37.963418100000005,145.0615668,16.726741958810333,13
Gardenvale,3185,-37.8981194,145.00918240000001,8.25993098284325,26
Hampton,3188,-27.3570077,152.06924030000002,1339.6853589654077,0
Hampton East,3188,-37.9385409,145.0306726,13.125527941453655,14
Highett,3190,-37.9504036,145.039797,14.641688031018582,12
Moorabbin,3189,-37.9414646,145.05783830000001,14.400554838274289,12
Sandringham,3191,-37.96741225,145.035302528145,16.298914852097163,14
Ashburton,3147,-37.867358200000005,145.0806524,9.897914151980189,21
Balwyn,3103,-37.8091737,145.08336780000002,9.321911969077586,24
Balwyn North,3104,-37.7919518,145.0842372,9.990801068392342,21
Camberwell,3124,-37.838462299999996,145.0740767,8.365263621694186,33
Canterbury,3126,-24.64539,113.9253,3275.98318579248,0
Deepdene,3103,-34.27798,115.0504,2708.39970249732,0
Glen Iris,3146,-37.855814,145.06461169999997,8.080731688835469,30
Hawthorn,3122,-37.8355533,145.055224565243,6.6803612338284974,38
Hawthorn East,3123,-37.8313785,145.04997969999997,6.1749661291163385,37
Kew,3101,-37.8033586,145.03332849999998,5.41477143677537,26
Kew East,3102,-37.7904215,145.0527906,7.624792644574433,25
Mont Albert,3127,-28.185809999999996,114.35191999999999,3034.6318665777862,0
Mont Albert North,3127,-37.8033152,145.1107226,11.810760803462436,18
Surrey Hills,3127,-37.8271881,145.09783259999998,10.364627616807107,25
Albanvale,3021,-37.7460824,144.7685623,20.66609127389949,11
Albion,3020,-37.77638029999999,144.81607130000003,15.47878999025465,9
Ardeer,3022,-37.775868100000004,144.8014637,16.698861531457986,10
Brooklyn,3012,-37.8160898,144.84147480000001,12.225019436019284,8
Cairnlea,3023,-37.7593157,144.78780980000002,18.50785096629557,9
Calder Park,3037,-37.676263899999995,144.7611396,25.55684909298059,2
Deer Park,3023,-37.7686602,144.7713077,19.464581133103785,1
Delahey,3037,-37.7198138,144.7773228,21.463456004291093,14
Derrimut,3030,-37.798797799999996,144.776051,18.191982325225087,2
Hillside,3037,-21.7298708,119.39504950000001,3033.302713829167,0
Kealba,3021,-37.7371074,144.8282988,16.694830610370268,11
Keilor,3036,-37.7113545,144.8250696,18.768745411333736,6
Keilor Downs,3038,-37.720576200000004,144.80476140000002,19.456680650395363,13
Keilor East,3033,-37.7383776,144.8561207,14.72089695026324,11
Keilor Lodge,3038,-37.69841339999999,144.79981569999998,21.376508826564482,5
Keilor North,3036,-37.6816313,144.7930224,23.095352554764986,2
Keilor Park,3042,-37.7187247,144.85017209999998,16.629253777144346,7
Kings Park,3021,-37.73371220000001,144.7719526,21.04738258421375,12
St Albans,3021,-37.745098299999995,144.804976,17.9006313389986,13
Sunshine,3020,-37.78933189999999,144.8342699,13.481633353395985,7
Sunshine North,3020,-37.7639467,144.8361969,14.473661729194848,10
Sunshine West,3020,-37.7983442,144.8110919,15.181331010258374,4
Sydenham,3037,-37.6997223,144.76532949999998,23.6218991272302,9
Taylors Lakes,3038,-37.698633,144.78630769999998,22.25468165617359,7
Tullamarine,3043,-37.704658,144.87177319999998,16.648623039225786,7
Beaconsfield,3807,-32.07058405,115.768877507407,2726.9464405902218,9
Emerald,3782,-37.93107,145.44888902516502,42.7562820383487,1
Officer,3809,-38.049175,145.41180221332,45.2029146676044,8
Pakenham,3810,-38.06823555,145.47878113336202,51.29897830121743,6
Avonsleigh,3782,-37.91404,145.482076000566,45.132584962796024,2
Bayles,3981,-38.176973600000004,145.573224,64.92279981513727,0
Beaconsfield Upper,3808,-37.998734999999996,145.42521466494802,43.47172757545461,0
Bunyip,3815,-38.0971242,145.7208993,71.56695986296907,1
Bunyip North,3815,-38.0971242,145.7208993,71.56695986296907,1
Caldermeade,3984,-38.239565,145.54077683333298,67.19224731336354,0
Cardinia,3978,-38.13432,145.421166606992,51.58544077504764,0
Catani,3981,-38.1948042,145.6413285,70.91331038356398,0
Clematis,3782,-37.9340691,145.417641,40.21735317548328,2
Cockatoo,3781,-37.9299135,145.5127551,48.149505462656755,2
Cora Lynn,3814,-38.1436888,145.60427109999998,65.05923677600255,0
Dalmore,3981,-33.9340667,116.30318989999999,2609.8200448360503,0
Dewhurst,3809,-37.97633,145.47403147614799,46.42038858471085,0
Garfield,3814,-38.0898677,145.676222,67.68022264491108,0
Garfield North,3814,-38.03934,145.685876546336,66.26485650880487,0
Gembrook,3783,-37.9685261,145.495700419905,47.91321428794344,1
Guys Hill,3807,-38.0142333,145.39060039999998,41.59261789921887,0
Heath Hill,3981,-38.24878,145.691397522341,77.97602049432771,0
Iona,3815,-38.161365,145.686712776183,72.2311973705728,0
Koo Wee Rup,3981,-38.189865000000005,145.470198500526,58.91107624805851,1
Koo Wee Rup North,3891,-38.189865000000005,145.470198500526,58.91107624805851,1
Lang Lang,3984,-38.282534999999996,145.572641377871,72.49992952230842,0
Lang Lang East,3894,-38.2660405,145.56277780000002,70.60850628245353,0
Longwarry,3816,-38.111138700000005,145.77059530000002,76.1721088201876,0
Maryknoll,3812,-38.03572,145.60193640646298,59.28255870752736,0
Menzies Creek,3159,-37.9190646,145.40682040000002,38.84391589866714,3
Modella,3816,-38.186439299999996,145.7150142,75.791488964083,0
Monomeith,3984,-38.2206497,145.5106763,63.8337502610792,1
Mount Burnett,3781,-34.894199799999996,116.56314209999998,2556.163627624403,0
Nangana,3781,-37.8755206,145.53250740000001,48.82854996560073,0
Nar Nar Goon,3812,-38.110034999999996,145.574791685593,60.897359521831405,0
Nar Nar Goon North,3812,-38.029435,145.56357211039,55.91722755594737,0
Nyora,3987,-38.3347289,145.67089030000002,82.71863392304009,0
Officer South,3809,-38.049175,145.41180221332,45.2029146676044,8
Pakenham South,3810,-38.137285,145.49122668171898,56.53839249066552,0
Pakenham Upper,3810,-38.00863,145.50752328993798,50.49079395105362,0
Rythdale,3810,-37.886921,145.1834032,19.055461875418846,17
Tonimbuk,3815,-38.031209999999994,145.727912634901,69.42714019474508,0
Tooradin North,3977,-38.2138303,145.38168269999997,55.54762605064624,0
Tynong,3813,-38.094584999999995,145.638755252879,64.9675260346721,0
Tynong North,3813,-38.02976655,145.637866604289,61.95523583976159,0
Vervale,3814,-37.7129383,144.9735871,12.760654688703186,11
Yannathan,3894,-38.223445,145.65053392079702,73.42965080738357,0
Berwick,3806,-38.0403826,145.3481493,40.05261489567249,6
Botanic Ridge,3977,-38.1413786,145.2566183,42.50922329795731,1
Clyde,3978,-38.132634499999995,145.3290375,45.700890296112654,0
Clyde North,3978,-38.1028681,145.3302814,43.3810722895961,3
Cranbourne,3977,-38.09983825,145.282937771062,40.292916052164564,12
Cranbourne East,3977,-38.108091200000004,145.3056221,42.303208322514685,9
Cranbourne North,3977,-38.0775184,145.2989039,39.44533761029211,12
Cranbourne South,3977,-38.150625,145.24676468406602,42.87945364406277,1
Doveton,3177,-37.9887542,145.2385975,28.931539778606638,8
Endeavour Hills,3802,-37.9702665,145.25634430000002,28.99699042184115,6
Eumemmerring,3177,-37.9985273,145.2469497,30.1818604109033,8
Hallam,3803,-38.0074845,145.268858,32.30422080546716,8
Hampton Park,3976,-38.03673679999999,145.25903119999998,33.780887324743524,7
Junction Village,3977,-38.1363443,145.2968697,44.181337980065756,1
Lynbrook,3975,-38.0558639,145.2561128,35.10043390453725,7
Narre Warren,3805,-38.017956,145.3058481,35.588890734187515,9
Narre Warren North,3804,-38.00196165,145.294660694286,33.75447347738068,8
Narre Warren South,3805,-38.04913355,145.303989760819,37.6274604803031,10
Blind Bight,3980,-38.2142175,145.3377629,53.2264397548625,0
Cannons Creek,3977,-38.2114954,145.3112899,51.64326754430847,0
Devon Meadows,3977,-38.162017799999994,145.3024933,46.72965698922475,0
Harkaway,3806,-38.0002695,145.3416887,37.10981627297879,3
Lyndhurst,3975,-30.288044,138.3487822,1036.9177416895222,0
Lysterfield South,3156,-37.952484399999996,145.26692749999998,28.77580007996817,5
Pearcedale,3912,-38.2015815,145.242198,47.53052646627598,1
Tooradin,3980,-38.2138303,145.38168269999997,55.54762605064624,0
Warneet,3980,-38.2213749,145.3117316,52.575859075626774,0
Alphington,3078,-37.780399200000005,145.0308824,6.90079582597212,19
Fairfield,3078,-37.7845032,145.0158191,5.737630757655581,27
Kingsbury,3083,-37.715569,145.0355601,13.384310985775285,12
Northcote,3070,-31.857994,116.26807759999998,2692.1223179241533,0
Preston,3072,-37.72140035,145.009989357087,12.101063289699262,12
Reservoir,3073,-37.71237670000001,145.0074935,13.039596080541743,10
Thornbury,3071,-35.218771200000006,149.032214027361,464.0206261526948,16
Carrum Downs,3201,-38.0927904,145.1758001,34.140303332909326,3
Frankston,3199,-38.1444729,145.1268808,37.5317070848724,13
Frankston North,3200,-38.1228524,145.1609788,36.48207124758804,11
Frankston South,3199,-38.1765027,145.12956409999998,40.96973791750776,11
Langwarrin,3910,-38.154582899999994,145.1973931,41.069061761604,3
Sandhurst,3977,-38.08194279999999,145.21039,34.77550187690641,1
Seaford,3198,-38.1048309,145.1384475,33.83040657432505,6
Skye,3977,-38.105126500000004,145.2162331,37.185404109147505,2
Langwarrin South,3911,-38.189102399999996,145.19106330000002,44.2685798020551,2
Bentleigh,3204,-37.92633315,145.05430548523398,12.783654923142484,17
Bentleigh East,3165,-37.9220201,145.0665529,12.974077046649475,19
Caulfield,3162,-37.882265000000004,145.022462837409,7.1432031125434925,32
Caulfield East,3145,-37.881276,145.04208469999998,8.097151246806018,26
Caulfield North,3161,-37.870828,145.02180049999998,6.060756384427183,31
Caulfield South,3162,-37.894698999999996,145.02493230000002,8.451973005586892,30
Carnegie,3163,-37.893372899999996,145.0559135,9.909281687850381,23
Elsternwick,3185,-37.885842499999995,145.00701519999998,6.9075527732479785,31
Gardenvale,3185,-37.8981194,145.00918240000001,8.25993098284325,26
Glen Huntly,3163,-37.8923791,145.0413689,9.008818735976103,29
McKinnon,3204,-37.910594200000006,145.03863,10.579721284257161,21
Murrumbeena,3163,-37.8968653,145.0703808,11.073067699181886,20
Ormond,3204,-37.9039946,145.0432907,10.163863390973342,24
St Kilda East,3183,-37.8668218,145.00216569999998,4.786556345681698,27
Dandenong,3175,-37.98749,145.21479230000003,27.230734295723238,7
Dandenong North,3175,-37.95583189999999,145.2143234,25.042442445164625,10
Dandenong South,3175,-38.0279936,145.2209236,30.729731748937173,2
Keysborough,3173,-38.005360700000004,145.1674069,25.728093384694624,1
Noble Park,3174,-37.9695376,145.176703,23.40669358000507,7
Noble Park North,3174,-37.9512702,145.19083769999997,23.072067507700762,13
Springvale,3171,-37.945625299999996,145.1580111,20.421266009583398,7
Springvale South,3172,-37.9708611,145.14786919999997,21.7140430109195,8
Bangholme,3175,-38.0483919,145.1720859,29.793704109554845,2
Altona,3018,-37.88360825,144.7586157375,20.405078732285663,3
Altona Meadows,3028,-37.8814419,144.7845482,18.16919634158284,1
Altona North,3025,-37.8378229,144.8342853,12.838940981527498,2
Laverton,3028,-37.859382200000006,144.76714040000002,19.01617242101359,1
Newport,3015,-37.843596600000005,144.88047969999997,8.910094704574776,13
Spotswood,3015,-37.8296363,144.887901,8.08184550353657,14
Seabrook,3028,-31.670688300000002,116.7318562,2659.570389383354,0
Seaholme,3018,-37.8641585,144.8442324,12.588533510171859,2
South Kingsville,3015,-37.8306664,144.8713429,9.539401840725553,11
Williamstown,3016,-37.8611788,144.8898569,8.744897990955549,8
Williamstown North,3016,-37.8526453,144.8688784,10.139691664219683,10
Attwood,3049,-37.6670148,144.884862,19.71448140922759,8
Broadmeadows,3047,-37.673105,144.94015934480302,17.53041486073192,10
Campbellfield,3061,-37.6641298,144.959583,18.264780548624312,5
Coolaroo,3048,-37.6567594,144.9345853,19.410134854196112,7
Craigieburn,3064,-37.5901421,144.91082649999998,27.09653566079237,9
Dallas,3047,-37.6708194,144.9354163,17.866216641641856,9
Gladstone Park,3043,-37.6898311,144.8944658,17.060229729824165,10
Greenvale,3059,-37.6347658,144.8814617,23.12460258148377,2
Jacana,3047,-37.6877427,144.9111681,16.683024709410585,12
Meadow Heights,3048,-37.65116679999999,144.9185521,20.34688990127954,8
Melbourne Airport,3045,-37.667111,144.833480766796,22.004712344861282,1
Roxburgh Park,3064,-31.713702299999998,115.729831454737,2745.290730421903,5
Somerton,3062,-37.634688,144.9507961,21.604023375060077,5
Westmeadows,3049,-37.6768765,144.8939017,18.38561139492459,8
Sunbury,3429,-35.15341375,149.119845045385,474.7951958646032,3
Bulla,3428,-15.7657897,130.039766,2858.4227577026113,0
Clarkefield,3430,-37.465415,144.76960275978,44.332088106563226,0
Diggers Rest,3427,-37.61394,144.68218643815598,35.36106147737834,0
Kalkallo,3064,-37.530952299999996,144.94965390000002,33.09734355271406,0
Mickleham,3064,-37.5616549,144.87733390000002,30.921264518811945,1
Oaklands Junction,3063,-37.5916891,144.841268461542,28.93064616753455,0
Wildwood,3429,-37.55692655,144.799086801365,34.04745934385983,0
Yuroke,3063,-37.5924148,144.883589068957,27.49172251874753,4
Aspendale,3195,-38.0219105,145.1024159,24.143852801479174,5
Aspendale Gardens,3195,-38.022143799999995,145.11983999999998,24.884971879633323,6
Bonbeach,3196,-38.0630635,145.1276225,29.225528151097087,9
Braeside,3195,-38.0005245,145.12295780000002,22.973838788850195,8
Carrum,3197,-38.083045,145.180350343773,33.416977533660976,1
Chelsea,3196,-38.0497386,145.121407,27.656408087621998,8
Chelsea Heights,3196,-38.0408403,145.1341354,27.311836533689426,8
Clarinda,3169,-37.943109299999996,145.1060206,16.965908046366412,7
Clayton South,3169,-37.9430924,145.125236,18.11084074205714,8
Dingley Village,3172,-37.975576200000006,145.12564780000002,20.85107059218552,3
Edithvale,3196,-38.0375588,145.1149321,26.191538596950387,8
Heatherton,3202,-37.9560844,145.09320669999997,17.417028347458555,6
Mentone,3194,-37.9813669,145.0689511,18.809748807659982,10
Moorabbin Airport,3194,-37.97746179999999,145.09952969999998,19.70553872606681,8
Mordialloc,3195,-37.9993584,145.0960708,21.659615355646324,10
Parkdale,3195,-37.991867299999996,145.081286,20.327825720427352,9
Patterson Lakes,3197,-38.069449299999995,145.14323290000002,30.48271493778736,7
Waterways,3195,-38.014778299999996,145.1305166,24.6652739809676,4
Bayswater,3153,-37.845763899999994,145.267993901458,25.391485134009052,16
Boronia,3155,-37.8563043,145.2859658,27.076821874500524,14
Ferntree Gully,3156,-37.87288335,145.237706565455,23.200296051415574,17
Knoxfield,3180,-37.889773100000006,145.2496342,24.680734635791502,8
Lysterfield,3156,-37.9348771,145.30175880000002,30.677092998039203,1
Rowville,3178,-37.9239267,145.24476719999998,25.60907772743095,3
Scoresby,3179,-37.902578600000005,145.21830659999998,22.539340228511143,5
Sassafras,3787,-37.8678412,145.35680390000002,33.40873870367859,1
The Basin,3154,-37.8556937,145.3214075,30.163340415286736,5
Upper Ferntree Gully,3156,-37.8966917,145.30987549999998,29.98238947923911,8
Wantirna,3152,-37.852335700000005,145.22597209999998,21.79331059769041,21
Wantirna South,3152,-37.8737902,145.22174750000002,21.857670124154463,15
Bulleen,3105,-37.7663109,145.12128101475798,14.174085315939882,14
Doncaster,3108,-37.7848299,145.1238431,13.516358289311063,16
Doncaster East,3109,-37.7788744,145.1638815,17.054901883609062,14
Donvale,3111,-37.789809399999996,145.1914915,19.06557142853836,13
Nunawading,3131,-37.8173756,145.17653080000002,17.316678438551385,17
Park Orchards,3114,-37.7769195,145.2146209,21.386802555097862,12
Ringwood North,3134,-37.793032399999994,145.23123130000002,22.420506567203198,12
Templestowe,3106,-37.754058799999996,145.14861519999997,16.936904949786257,12
Templestowe Lower,3107,-37.7638749,145.1122762,13.624463935086323,12
Warrandyte,3113,-37.7585968,145.22762818933,23.088945877450445,6
Warrandyte South,3134,-37.7610033,145.2373853,23.814626044052428,8
Wonga Park,3115,-37.7356804,145.269802,27.460739353630718,1
Braybrook,3019,-37.7867076,144.85484509999998,11.888300201384766,7
Footscray,3011,-37.78933525,144.874128275157,10.217516893228222,15
Kingsville,3012,-37.8088622,144.8794356,9.065212564241657,14
Maidstone,3012,-37.7819337,144.87416059999998,10.584476489159783,8
Maribyrnong,3032,-37.7695144,144.89020490000001,10.186453896868636,14
Seddon,3011,-37.8067725,144.8915967,8.092339141801808,14
Tottenham,3012,-37.8046977,144.8529354,11.438411004248696,12
West Footscray,3012,-37.8005584,144.87108080000002,10.018779389363443,12
Yarraville,3013,-37.8180051,144.8819389,8.668368022105742,13
Bayswater North,3153,-37.8269747,145.28368469999998,26.69240478084108,13
Croydon,3136,-37.795177,145.284447,27.00629894911087,11
Croydon Hills,3136,-37.7759541,145.2671081,25.889012686842193,9
Croydon North,3136,-37.771884299999996,145.2839524,27.433823838764656,5
Croydon South,3136,-37.8150135,145.27361240000002,25.847218422278978,12
Heathmont,3135,-37.8305406,145.2442572,23.230289562109252,14
Kilsyth,3137,-37.8037844,145.3134593,29.4317579160908,8
Kilsyth South,3137,-37.8315054,145.31100080000002,29.094559858715854,7
Park Orchards,3114,-37.7769195,145.2146209,21.386802555097862,12
Ringwood,3134,-37.811476500000005,145.23341509999997,22.349995135197805,16
Ringwood East,3135,-37.813080799999994,145.2530126,24.053892360396954,15
Vermont,3133,-37.8384616,145.19934709999998,19.3195724631302,17
Warranwood,3134,-37.7725114,145.250157,24.53188347471591,12
Carlton,3053,-11.329955499999999,-67.6954911,13580.874869961335,0
Carlton North,3054,-37.7845585,144.97285530000002,4.8221081039365234,28
Docklands,3008,-37.81754229999999,144.9394923,3.717285430257817,23
East Melbourne,3002,-37.812498,144.9858851,1.7568131942115992,22
Flemington,3031,-37.78675870000001,144.9193668,6.989301785790832,22
Kensington,3031,-37.7943554,144.9270487,5.930605198133158,25
Melbourne CBD,3000,-37.8141823,144.9598007,2.3062284041653016,25
Melbourne CBD (St Kilda Road area),3004,-37.7985747,144.9451741,4.436255541793762,22
North Melbourne,3051,-37.7871148,144.9515533,5.1402112637481645,26
Parkville,3052,-37.83336129999999,144.9219203,5.130512016573934,11
Port Melbourne,3207,-37.825361799999996,144.96402030000002,1.4126285091011708,25
Southbank,3006,-37.8253279,144.9493432,2.6922487140240103,22
South Wharf,3006,-37.8377695,144.99185369999998,1.5493877373646088,31
South Yarra,3141,-37.81044755,144.920429793501,5.557517348951235,29
West Melbourne,3003,-37.71939329999999,144.6694023,29.82826462765407,0
Aintree,3336,-37.70020195,144.67660009811598,30.19409629840075,0
Bonnie Brook,3335,-37.699338899999994,144.5405513,41.17646214209378,5
Brookfield,3338,-37.749373999999996,144.753027,21.75222170046859,6
Burnside,3023,-37.7324225,144.7555804,22.37623275168968,10
Burnside Heights,3023,-37.7345608,144.7371975,23.70741235240067,4
Caroline Springs,3023,-37.706300399999996,144.60256569999999,35.81032205169731,7
Cobblebank,3338,-37.727933,144.70464750000002,26.61117037473806,0
Deanside,3336,-37.728888299999994,144.542927959977,39.94832114008909,2
Exford,3338,-37.7908381,144.55616569999998,37.455248462996025,0
Eynesbury,3338,-37.74986679999999,144.6482563,30.401492503714362,0
Fieldstone,3024,-37.70598629999999,144.7174013,26.746440755577417,1
Fraser Rise,3336,-37.7000297,144.63512680000002,33.46649222318677,0
Grangefields,3335,-37.65678079999999,144.5525264,42.112881404087844,6
Harkness,3337,-37.6626777,144.59144030000002,38.77297588821299,6
Kurunjang,3337,-37.6835714,144.5828446,38.41077264958707,9
Melton,3337,-37.706027899999995,144.57177230000002,38.34277324570545,7
Melton South,3338,-37.6798651,144.5528895,40.984220809748905,8
Melton West,3337,-37.76249,144.62283,32.20357674227929,0
Mount Cottrell,3024,-37.735676899999994,144.46947921550301,46.015391879265096,0
Parwan,3340,-37.6727808,144.6993618,30.081362720351766,0
Plumpton,3335,-37.7754956,144.73663259999998,22.146078957870273,0
Ravenhall,3023,-37.7312767,144.6607316,30.028939762897306,0
Rockbank,3335,-37.7324394,144.5975017,35.23846143395685,1
Strathtulloh,3338,-37.7152241,144.75331269999998,23.51236360157095,10
Taylors Hill,3037,-37.7274099,144.6259215,33.04923602408285,0
Thornhill Park,3335,-37.602626799999996,144.584952550434,42.81618440163345,0
Toolern Vale,3337,-37.808901500000005,144.721139,22.826619664490252,0
Truganina,3029,-37.7323715,144.57089419999997,37.47833621732304,2
Weir Views,3338,-37.866671999999994,145.1022346,11.595469058489773,18
Ashwood,3147,-37.85565995,145.09844123094,10.874877690683174,17
Burwood,3125,-37.8822799,145.1001365,12.191087636859582,21
Chadstone,3148,-37.9173212,145.1304242,16.566300538675858,18
Clayton,3168,-37.8816255,145.1681838,17.598422860518852,25
Glen Waverley,3150,-37.8995028,145.0811583,11.964968310041401,20
Hughesdale,3166,-37.907658500000004,145.1084736,14.384442120818536,23
Huntingdale,3166,-37.9011951,145.130584919767,15.564559703423752,25
Monash University,3800,-37.878392299999994,145.1284919,14.225460683594624,27
Mount Waverley,3149,-37.9319869,145.18179881096,21.194783008024782,11
Mulgrave,3170,-37.905582,145.14556159999998,16.94150417624376,21
Notting Hill,3168,-37.90045995,145.08828050263398,12.50567298770964,21
Oakleigh,3166,-37.9039215,145.1153403,14.617368731227055,22
Oakleigh East,3166,-37.92482570000001,145.0921745,14.63839395607395,17
Oakleigh South,3167,-37.9103266,145.1895175,20.58257011968864,13
Wheelers Hill,3150,-37.7596196,144.8974571,10.466829644694624,11
Aberfeldie,3040,-37.7222576,144.88349419999997,14.455013756653564,10
Airport West,3042,-37.776956299999995,144.9137235,8.090562408330817,14
Ascot Vale,3032,-37.761453700000004,144.86214099999998,12.692817124662977,10
Avondale Heights,3034,-37.755963,144.916177904011,9.733528788609384,18
Essendon,3040,-37.72692120000001,144.90041340000002,13.1936442127668,12
Essendon Fields,3041,-37.73847620000001,144.90120269999997,12.082216976155449,15
Essendon North,3041,-37.75464,144.883441718625,11.730200489866993,14
Essendon West,3040,-37.765575,144.9212864,8.604020307333629,18
Moonee Ponds,3039,-37.7397699,144.8847881,12.852383706326053,11
Niddrie,3042,-37.7333202,144.91824330000003,11.798499560783426,15
Strathmore,3041,-37.7133663,144.8969057,14.646143537193828,11
Strathmore Heights,3041,-37.780755299999996,144.935503,6.503304125240192,20
Travancore,3032,-37.7664715,144.9613103,6.987243259673612,27
Brunswick,3056,-37.768880200000005,144.9776825,6.529326307728528,31
Brunswick East,3057,-37.7633334,144.9425563,7.859860328314877,26
Brunswick West,3055,-37.744975200000006,144.9643314,9.286227555285993,22
Coburg,3058,-37.7243394,144.9675896,11.531185102992305,16
Coburg North,3058,-37.7052065,144.9696144,13.638489124569352,7
Fawkner,3060,-37.702819899999994,144.9275403,14.616892193222034,11
Glenroy,3046,-37.702718299999994,144.8975976,15.65633901410061,9
Gowanbrae,3043,-37.7101582,144.9502764,13.314454817840435,11
Hadfield,3046,-37.7181626,144.9189712,13.293101282234776,12
Oak Park,3046,-37.7250777,144.9379604,11.978862402725547,12
Pascoe Vale,3044,-37.7434265,144.9384767,10.039766266349902,19
Pascoe Vale South,3044,-38.3687445,144.77226819999998,62.87680147983056,0
Blairgowrie,3942,-38.373724100000004,144.8755654,61.43004480642456,2
Capel Sound,3940,-38.3418285,144.96558380000002,57.214062834516994,1
Dromana,3936,-38.359979100000004,144.9338501,59.35601792481944,2
McCrae,3938,-38.219796200000005,145.04125919999998,43.957677544276464,1
Mornington,3931,-38.19381,145.095732088415,41.98342523085636,3
Mount Eliza,3930,-38.275467600000006,145.0307737,50.018533048540775,2
Mount Martha,3934,-38.32282120000001,144.70042080000002,60.275313452146776,0
Portsea,3944,-38.3710325,144.9095115,60.761442391184225,3
Rosebud,3939,-38.3821684,144.8099264,63.45480375986464,0
Rye,3941,-38.315364200000005,145.000282,54.28635542691689,1
Safety Beach,3936,-38.4199773,144.83117,67.16468175791104,0
St Andrews Beach,3941,-38.344727299999995,144.74209380000002,61.17293189582385,2
Sorrento,3943,-38.3777277,144.8502239,62.23630808271322,1
Tootgarook,3941,-38.33757979999999,145.17732890000002,59.30372651226463,2
Bittern,3918,-38.352358200000005,145.2029503,61.55191993098946,2
Crib Point,3919,-38.307488,145.19020030000001,56.469205607076674,1
Hastings,3915,-38.225403899999996,145.17366919999998,47.39721935144019,4
Somerville,3912,-38.263700799999995,145.1871641,51.79773496763506,2
Tyabb,3913,-38.36077,144.959730916163,59.333370096511004,1
Arthurs Seat,3936,-38.35716,145.12594484191,60.27778248728219,1
Balnarring,3926,-38.395945000000005,145.113191146907,64.2873973559376,1
Balnarring Beach,3926,-38.20100789999999,145.1568582,44.338909892920846,2
Baxter,3911,-38.439545,144.903913613841,68.3925496100671,1
Boneo,3939,-38.466205,144.88921624444401,71.47544855174726,0
Cape Schanck,3939,-38.418955,144.859891004844,66.61119115003332,1
Fingal,3939,-38.45564,144.985139639175,69.86078081486771,0
Flinders,3929,-38.382085,145.194820337715,64.48360439374163,2
HMAS Cerberus,3920,-38.40234,144.965533868726,63.943174554022335,0
Main Ridge,3928,-38.3998558,145.09867749999998,64.4982501586889,0
Merricks,3916,-38.3998558,145.09867749999998,64.4982501586889,0
Merricks Beach,3926,-38.34129,145.071874766734,57.70558069124687,0
Merricks North,3926,-38.245684999999995,145.11613426233,48.01456750628897,0
Moorooduc,3933,-38.4190327,145.07525859999998,66.31503280773977,0
Point Leo,3916,-38.3799499,145.0264267,61.57556494267629,1
Red Hill,3937,-38.40638,145.029194632565,64.52484130963532,0
Red Hill South,3937,-38.4247467,145.0554939,66.75196510786952,0
Shoreham,3916,-38.3923474,145.1726499,65.04579653603473,0
Somers,3927,-38.297585,145.091226149873,53.18129348767711,0
Tuerong,3915,-37.6760643,145.1524368,22.67760352112762,4
Diamond Creek,3089,-37.6375848,145.19433940000002,28.32751378182982,2
Hurstbridge,3099,-37.725853799999996,145.21554630000003,23.607131077827937,2
North Warrandyte,3113,-37.706655700000006,145.189067,22.78605954050393,1
Research,3095,-37.66994520000001,145.1916231,25.577034490607737,2
Wattle Glen,3096,-37.700485,145.2777398125,29.762571121913897,0
Bend of Islands,3097,-37.65814,145.307188707865,34.408652436296336,0
Christmas Hills,3775,-37.6234258,145.2175327,30.866064940804996,1
Cottles Bridge,3099,-37.5963874,145.1428928,29.443448444270736,2
Doreen,3754,-37.6918649,145.2158904,25.66264617579545,1
Kangaroo Ground,3097,-37.5327424,145.34113100000002,45.679875482135046,0
Kinglake,3763,-37.4778011,145.255932344565,45.87398247278135,0
Kinglake West,3778,-37.6091125,145.18292490000002,30.158767747396674,1
Nutfield,3099,-37.6413636,145.23904130000003,30.8006415810222,0
Panton Hill,3759,-37.6674499,145.1123773,21.283117205447365,4
Plenty,3090,-37.579440000000005,145.28584035,38.557164612563376,0
St Andrews,3761,-37.604117200000005,145.2678984,35.49568517090353,0
Smiths Gully,3760,-37.5478739,145.2691533,40.200978581074246,0
Strathewen,3099,-37.5333775,145.46724809999998,53.95724950132797,0
Toolangi,3777,-37.6703909,145.2567324,29.97538961092664,0
Watsons Creek,3097,-37.569134000000005,145.107832,30.871338351293822,2
Yan Yean,3755,-37.6375473,145.1349293,25.15420396217469,1
Yarrambat,3091,-37.84520620000001,144.957105,2.80135346502142,26
Albert Park,3206,-37.8702943,144.9947414,4.92986981143328,26
Balaclava,3183,-37.878856799999994,144.9855487,5.7276186526642645,26
Elwood,3184,-37.8511511,144.9620399,3.055428479541173,25
Middle Park,3206,-37.877797799999996,144.99527780000003,5.7497470152241625,26
Ripponlea,3185,-37.8638261,144.981637,4.036984665940247,27
St Kilda,3182,-37.8579958,144.97124519999997,3.4689527530057584,27
St Kilda West,3182,-37.83346029999999,144.95701880000001,2.11101977698234,29
South Melbourne,3205,-37.8567619,145.0206905,4.838894183748267,36
Armadale,3143,-37.841394,145.03584019999997,5.152986588597456,39
Kooyong,3144,-37.8576088,145.0350666,5.889642427138956,36
Malvern,3144,-37.876835,145.0658739,9.333161314845613,24
Malvern East,3145,-37.8478,145.0,2.8634949471897446,34
Prahran,3181,-37.8416141,145.01762150000002,3.6673348031087767,38
Toorak,3142,-37.854522700000004,144.9921665,3.1881129065446614,31
Windsor,3181,-37.821700899999996,145.152276,15.162151869214034,19
Blackburn,3130,-37.8053801,145.154324,15.526975755265624,19
Blackburn North,3130,-37.838832200000006,145.14878480000002,14.892588477991087,22
Blackburn South,3130,-37.8215116,145.1261267,12.868360467139466,19
Box Hill,3128,-37.8056831,145.1295748,13.378233940634914,19
Box Hill North,3129,-37.8366236,145.1233644,12.647056311345956,17
Box Hill South,3128,-37.8535935,145.150423,15.259405872962926,22
Burwood East,3151,-37.836273799999994,145.16909109999997,16.652068562195762,17
Forest Hill,3131,-37.818191999999996,145.19902119999998,19.28364556539848,14
Mitcham,3132,-37.8384616,145.19934709999998,19.3195724631302,17
Vermont,3133,-37.854386,145.1878065,18.507827408943267,17
Vermont South,3133,-37.639111,145.0266224,21.360149900806718,7
Epping,3076,-37.66582655,145.01727858990802,18.287403900961817,7
Lalor,3075,-37.6027435,145.10083480000003,27.17662716127697,3
Mernda,3754,-37.6641334,145.0642681,19.634749853180125,5
Mill Park,3082,-37.63167670000001,145.08363530000003,23.622558432355703,2
South Morang,3752,-37.680561600000004,145.014410295635,16.629849024396847,10
Thomastown,3074,-37.471265100000004,144.97456630000002,39.6319063551431,0
Beveridge,3753,-37.48874,145.066544844465,38.45078209572559,0
Eden Park,3757,-37.50613,145.192174078888,40.34339304979269,0
Humevale,3757,-37.5121301,145.1177321,37.124449521445534,1
Whittlesea,3757,-37.5939889,145.03373330000002,26.408044004009145,0
Wollert,3750,-37.5460487,145.054426593234,31.991813991362143,0
Woodstock,3755,-37.86657039999999,144.6949625,25.395749431423425,11
Hoppers Crossing,3029,-37.830070500000005,144.7869487,16.949653463903598,0
Laverton North,3026,-37.8686285,144.59501269999998,34.1076985263088,1
Manor Lakes,3024,-37.9064862,144.75330590000002,21.743615808318033,3
Point Cook,3030,-37.8321522,144.69462,25.06343749761509,3
Tarneit,3029,-37.9008141,144.6616976,29.10139984984253,9
Werribee,3030,-37.9734648,144.6922245,30.010853911133193,0
Werribee South,3030,-37.8614297,144.7445428,21.00894037183109,4
Williams Landing,3027,-37.8722432,144.6084185,32.99863634537845,2
Wyndham Vale,3024,-37.9748784,144.62867930000002,34.90626903910016,0
Cocoroc,3030,-37.939080700000005,144.4789406,45.68983662512641,0
Little River,3211,-37.89967670000001,144.554854,38.17196048327617,0
Mambourin,3024,-37.8388844,144.5538125,37.447705742162796,0
Quandong,3340,-37.804550799999994,144.99885419999998,3.0552940958911057,20
Abbotsford,3067,-37.82762235,145.008091196346,2.4804555954225918,31
Burnley,3121,-37.7904385,144.99753710000002,4.411318156583636,22
Clifton Hill,3068,-37.802104,144.98813869999998,2.923186928837858,26
Collingwood,3066,-37.8290227,144.9927735,1.1463592187840173,28
Cremorne,3121,-37.8010382,144.9792611,2.950176532577986,23
Fitzroy,3065,-37.7833316,144.98370740000001,4.930774464131068,24
Fitzroy North,3068,-37.7818041,144.9665675,5.2213444525804915,28
Princes Hill,3054,-37.820395500000004,145.00251530000003,2.1441779327600714,31
Richmond,3121,-37.91104835,145.353691475376,34.11226282439505,6
Belgrave,3160,-37.9266116,145.3525247,34.52320545305226,5
Belgrave Heights,3160,-37.9424023,145.3573383,35.51384880937401,1
Belgrave South,3160,-37.738583500000004,145.31431809999998,31.022011744752803,5
Chirnside Park,3116,-37.8037844,145.3134593,29.4317579160908,8
Kilsyth,3137,-37.7576639,145.352405,33.65518310449569,11
Lilydale,3140,-37.81068,145.350850076404,32.65064748732035,6
Montrose,3765,-37.781344700000005,145.32567319999998,30.82217748206913,8
Mooroolbark,3138,-37.7873186,145.38830369999997,36.171074540314244,5
Mount Evelyn,3796,-37.918760799999994,145.3784097,36.43315645425158,5
Selby,3159,-37.9030367,145.34467959999998,33.116200832260844,8
Tecoma,3160,-37.9036086,145.3313506,32.002054409346606,7
Upwey,3158,-37.682925299999994,145.5343263,51.34471756534525,2
Badger Creek,3777,-37.8087592,145.5024531,45.96511725223751,0
Beenak,3139,-37.764685799999995,145.750752,68.11418174904576,0
Big Pats Creek,3799,-37.558170000000004,145.88744169999998,85.31381695639763,0
Cambarville,3779,-37.6364618,145.5188488,51.95952310408471,3
Chum Creek,3777,-37.70355,145.36900333333298,36.89185522242806,1
Coldstream,3770,-37.63870120000001,145.3978013,42.34244316894959,0
Dixons Creek,3775,-37.7608659,145.58687319999999,53.86552944755151,1
Don Valley,3139,-37.5762973,144.7145654,36.41531374095839,2
Fernshaw,3778,-37.8821539,145.3353111,31.80135822796657,7
Ferny Creek,3786,-37.854707299999994,145.7128179,64.45174419487232,0
Gilderoy,3797,-37.84282725,145.635089993066,57.58330587492414,0
Gladysdale,3797,-37.72896,145.46342348646002,43.90294420985104,0
Gruyere,3770,-37.6537218,145.5161533,50.97962578250592,3
Healesville,3777,-37.782019899999995,145.5759957,52.633047355696974,0
Hoddles Creek,3139,-37.8858076,145.37291230000002,35.12027829670589,2
Kallista,3791,-37.8194174,145.372162,34.47901766169391,4
Kalorama,3766,-37.780676899999996,145.56919209999998,52.05317443376082,1
Launching Place,3139,-37.881875,145.48988485148502,45.196633802728606,1
Macclesfield,3782,-37.676665,145.970242595986,88.69928591744629,0
McMahons Creek,3799,-37.598542,146.2077112,110.99947706246508,0
Matlock,3723,-37.75150120000001,145.6612026,60.48361482571069,0
Millgrove,3799,-37.874177100000004,145.4286024,39.750870027671496,2
Monbulk,3793,-37.829176600000004,145.35388369999998,32.85955346434632,3
Mount Dandenong,3767,-37.96297925,145.358052706164,36.452623165412696,0
Mount Toolebewong,3777,-37.843742,145.3855733,35.68496978147968,2
Narre Warren East,3804,-37.8630657,145.7514607,67.88634468763121,0
Olinda,3788,-37.8678412,145.35680390000002,33.40873870367859,1
Powelltown,3797,-37.778204200000005,145.45940009999998,42.499451034819934,2
Reefton,3799,-37.7743,145.49881090000002,45.99123709921261,2
Sassafras,3787,-37.888444799999995,145.3593565,34.00758207902676,4
Seville,3139,-37.8291,145.43776504792402,40.22859691946886,0
Seville East,3139,-37.631723,145.3917831,42.27967205730853,0
Sherbrooke,3789,-37.6572776,145.42656110000001,43.616280190732574,0
Silvan,3795,-37.8901143,145.3912949,36.79463832359431,4
Steels Creek,3775,-37.85718,145.696878650087,63.06598428375924,0
Tarrawarra,3775,-37.888724700000004,146.03167240000002,92.61678685156988,0
The Patch,3792,-37.8788598,145.3157699,30.047517765224985,9
Three Bridges,3797,-37.814209999999996,145.455768902598,41.84047389505266,1
Toorongo,3833,-37.7806025,145.42629340000002,39.57939910956246,1
Tremont,3785,-37.77946,145.71941172413798,65.21306842938253,0
Wandin East,3139,-37.7773898,145.45961614991998,42.53029916704395,2
Wandin North,3139,-37.695415000000004,145.693112469387,64.4168524770365,0
Warburton,3799,-37.7793329,145.53012619999998,48.655209880226046,1
Warburton East,3799,-37.6573475,145.37439640000002,39.529810332772996,0
Wesburn,3799,-37.7821693,145.6150255,56.0464786416729,2
Woori Yallock,3139,-37.8135132,145.5082046,46.447667838516814,0
Yarra Glen,3775,-37.6887134,145.3746571,37.99687850460192,1
